postalCode,Count_res
92101,43
92109,43
94110,39
89109,37
80202,29
90028,28
92054,28
60647,28
92627,27
92037,24
92110,24
93101,22
90405,22
60657,21
90401,21
92651,21
90802,21
90069,20
60654,19
91910,19
85251,19
60622,19
91942,19
10003,19
92103,18
33139,18
3801,18
10011,18
94103,18
92663,18
90292,18
90277,17
80211,17
92802,17
96150,17
92821,17
90650,17
92648,17
91101,17
92008,17
91710,16
80302,16
92123,16
92647,16
90254,16
90291,16
91502,16
10016,16
48104,16
60614,15
90640,15
92780,15
95020,15
92376,15
20009,15
92108,15
86336,15
92626,14
10019,14
60607,14
60618,14
92870,14
92024,14
91786,14
29928,14
85281,14
92591,14
95112,14
90266,14
91105,14
94559,14
90245,14
95008,14
85004,13
97223,13
87109,13
91362,13
89502,13
87110,13
94107,13
92128,13
92708,13
92106,13
76107,13
97209,13
90024,13
94596,13
91709,13
92262,13
94704,13
11215,13
90046,13
92111,12
91767,12
91320,12
92130,12
90064,12
92660,12
89104,12
96761,12
60639,12
92704,12
92071,12
91706,12
10022,12
60640,12
95661,12
93309,12
91730,12
60632,12
93010,12
97401,12
85308,12
21231,12
2128,12
78028,12
95128,12
91702,12
92336,11
92503,11
85016,11
92078,11
90232,11
98109,11
92020,11
92121,11
90280,11
23451,11
92120,11
91324,11
11211,11
93230,11
90007,11
95207,11
93003,11
91403,11
46204,11
22201,11
90740,11
90630,11
85719,11
92118,11
89119,11
55408,11
91016,11
94133,11
20007,11
94501,11
92672,11
87501,11
92701,11
91763,11
21401,10
87102,10
94010,10
89121,10
45202,10
21230,10
94123,10
1970,10
92553,10
85713,10
85711,10
77090,10
85224,10
85226,10
92509,10
97202,10
92691,10
77055,10
92705,10
80206,10
92832,10
97232,10
92867,10
90201,10
78216,10
92879,10
77338,10
93065,10
92629,10
95678,10
11201,10
32256,10
91740,10
8401,10
92025,10
10010,10
91764,10
90803,10
91303,10
90660,10
30305,10
91355,10
37203,10
53703,10
77630,10
90723,10
80401,10
10014,10
55403,10
10036,10
91750,10
92075,10
19971,9
77056,9
92692,9
92117,9
75204,9
90034,9
94063,9
80501,9
87505,9
90042,9
92592,9
92590,9
80124,9
88001,9
20852,9
77494,9
91945,9
92677,9
92868,9
90029,9
10012,9
43026,9
93401,9
90706,9
91604,9
75034,9
93291,9
60660,9
90012,9
60402,9
86001,9
19123,9
30309,9
83642,9
92866,9
95688,9
10025,9
75069,9
91367,9
95811,9
90025,9
95125,9
90027,9
92882,9
95113,9
87104,9
97204,9
91950,9
75206,9
93312,9
94544,9
92069,9
98101,9
92253,9
97501,9
77380,9
91010,9
92014,9
78209,9
92154,9
80209,9
60608,9
91107,9
97211,9
92324,9
92335,9
90265,9
78702,8
92260,8
93711,8
94533,8
91364,8
92804,8
60626,8
92840,8
83705,8
22204,8
93001,8
65401,8
80014,8
92886,8
32819,8
91344,8
79936,8
93103,8
1801,8
33316,8
77346,8
37402,8
94520,8
95687,8
95482,8
91505,8
92115,8
70130,8
90255,8
95407,8
85745,8
94401,8
93449,8
92104,8
93304,8
94513,8
34236,8
92131,8
97526,8
93105,8
93277,8
90712,8
90250,8
22801,8
93612,8
90262,8
92081,8
78741,8
46220,8
34108,8
85374,8
4101,8
34102,8
90606,8
72712,8
87112,8
73099,8
78130,8
60201,8
92683,8
92374,8
20036,8
12866,8
85255,8
33431,8
97217,8
30308,8
85254,8
92618,8
96815,8
90040,8
46032,8
60613,8
91932,8
76201,8
91801,8
78753,8
90745,8
89030,8
61820,8
90403,8
92345,8
32789,8
78758,8
75254,8
77840,8
33401,8
33607,8
90033,8
66502,8
80205,8
77057,8
75201,8
78759,8
27707,8
90048,8
92562,8
89103,7
89117,7
94588,7
33160,7
87507,7
75230,7
32225,7
76102,7
94111,7
90807,7
20008,7
50322,7
85741,7
2903,7
48195,7
93436,7
77002,7
22030,7
8901,7
33612,7
76034,7
87106,7
22042,7
94549,7
87108,7
78666,7
94112,7
20005,7
87114,7
10004,7
94070,7
89169,7
46038,7
10002,7
45701,7
94014,7
59102,7
75208,7
93940,7
22031,7
43229,7
89503,7
93720,7
33432,7
44113,7
94105,7
78041,7
89128,7
49423,7
89123,7
60018,7
78701,7
77024,7
81611,7
90026,7
78238,7
55402,7
92805,7
92806,7
90620,7
98107,7
33131,7
85050,7
23221,7
23220,7
83814,7
85044,7
92869,7
60623,7
97214,7
60625,7
63901,7
83706,7
77478,7
90605,7
92530,7
91754,7
72903,7
85225,7
91911,7
53704,7
90501,7
92612,7
84041,7
77081,7
90504,7
90036,7
80027,7
28277,7
60611,7
90045,7
92545,7
73103,7
80439,7
92532,7
91761,7
65065,7
77077,7
80634,7
75006,7
80237,7
90242,7
85382,7
91605,7
92243,7
55416,7
85704,7
92270,7
80210,7
85706,7
85710,7
10024,7
21202,7
93063,7
56560,7
98003,7
93036,7
72401,7
38305,7
77034,7
85716,7
90631,7
95758,7
79902,7
60505,6
92211,6
77079,6
77379,6
21701,6
33480,6
92630,6
44145,6
32801,6
92201,6
30075,6
33477,6
92019,6
76011,6
20814,6
90210,6
76063,6
92395,6
91902,6
90212,6
92315,6
90067,6
78201,6
92311,6
30076,6
29403,6
60515,6
32303,6
90815,6
77339,6
45150,6
76116,6
76028,6
92028,6
78705,6
92223,6
92399,6
90703,6
29464,6
46545,6
7652,6
2116,6
2138,6
90717,6
76541,6
2118,6
2134,6
33301,6
91384,6
93710,6
91405,6
91722,6
89701,6
48823,6
91711,6
90746,6
93117,6
77023,6
60804,6
90006,6
93550,6
93546,6
93257,6
29621,6
93301,6
90013,6
90680,6
77007,6
90016,6
90701,6
94025,6
60077,6
89449,6
91733,6
91321,6
94109,6
76248,6
92646,6
77505,6
90503,6
91790,6
77070,6
89130,6
60409,6
46947,6
32901,6
89135,6
33414,6
78251,6
91768,6
89149,6
15601,6
91762,6
91340,6
92807,6
20166,6
15317,6
90621,6
78504,6
77598,6
92860,6
91739,6
20910,6
89147,6
91030,6
73034,6
85006,6
27804,6
95123,6
30303,6
19801,6
50158,6
30909,6
2453,6
43215,6
55435,6
98004,6
50309,6
28027,6
75063,6
97701,6
66044,6
38501,6
17101,6
84111,6
30809,6
75104,6
80487,6
98225,6
20002,6
33907,6
20001,6
98208,6
98188,6
55407,6
98122,6
79109,6
11361,6
95035,6
95037,6
75150,6
98103,6
84101,6
22203,6
32082,6
97477,6
20003,6
22314,6
97030,6
74055,6
95823,6
53005,6
85326,6
95834,6
64055,6
52601,6
85301,6
95926,6
95991,6
28401,6
96753,6
23321,6
64108,6
19454,6
85283,6
95815,6
85206,6
95762,6
31909,6
85018,6
28117,6
28202,6
95350,6
10573,6
97303,6
19380,6
11217,6
40202,6
1060,6
10601,6
97218,6
85705,6
97201,6
85053,6
85122,6
62704,6
19711,6
94538,6
83709,6
19107,6
99201,6
80538,6
94523,6
78840,6
94541,6
49684,6
6851,6
82601,6
75605,6
27403,6
83402,6
94553,6
98926,6
68102,6
44107,6
7030,6
98501,6
99163,6
81620,6
81501,6
20010,6
81401,6
70508,6
27514,6
94583,6
94551,6
2210,6
6492,5
90057,5
92508,5
85086,5
48150,5
92507,5
97210,5
90066,5
92408,5
80134,5
23666,5
92501,5
80203,5
10065,5
92404,5
92401,5
6511,5
47807,5
68128,5
37027,5
97301,5
48126,5
60601,5
47715,5
19382,5
32720,5
53154,5
28209,5
60605,5
55337,5
90077,5
28211,5
90731,5
78228,5
92392,5
8260,5
97216,5
48316,5
92606,5
2360,5
92675,5
92656,5
6830,5
6901,5
60617,5
92661,5
32792,5
6457,5
91106,5
52806,5
90035,5
33040,5
28262,5
28273,5
96756,5
81657,5
34689,5
40601,5
92694,5
80033,5
85260,5
7302,5
28226,5
72764,5
92625,5
80123,5
85201,5
78229,5
92602,5
80122,5
85032,5
97060,5
92614,5
85204,5
19406,5
28217,5
90804,5
99208,5
31328,5
48152,5
85234,5
90039,5
97006,5
90805,5
90806,5
19104,5
85020,5
92308,5
30601,5
77546,5
98116,5
48067,5
83702,5
27615,5
37863,5
1915,5
91723,5
80424,5
90304,5
30004,5
70301,5
3060,5
37902,5
27703,5
98072,5
90301,5
6801,5
70810,5
14623,5
92026,5
6810,5
19147,5
98121,5
84060,5
91803,5
5401,5
27587,5
37660,5
91765,5
91766,5
53965,5
36532,5
37604,5
77511,5
98272,5
91770,5
91773,5
84020,5
98273,5
98221,5
54115,5
27601,5
98199,5
91791,5
70601,5
70458,5
10018,5
77459,5
91361,5
85012,5
92122,5
97703,5
92126,5
91406,5
92129,5
84780,5
91402,5
48201,5
70118,5
38655,5
85014,5
90278,5
97470,5
77584,5
53204,5
92234,5
55344,5
80524,5
10007,5
97402,5
85027,5
90220,5
91423,5
66046,5
28031,5
90260,5
92056,5
77450,5
91601,5
92064,5
90275,5
78205,5
4072,5
2657,5
35803,5
90272,5
92083,5
78207,5
80227,5
92105,5
91504,5
92107,5
30312,5
38401,5
97756,5
98516,5
10013,5
80031,5
75901,5
11706,5
86301,5
20109,5
86004,5
93551,5
2906,5
76115,5
32073,5
94590,5
75243,5
32084,5
94601,5
21224,5
46219,5
75062,5
2026,5
32097,5
60914,5
7940,5
76137,5
29577,5
33541,5
46254,5
75038,5
61761,5
90014,5
90017,5
93420,5
93422,5
7701,5
89029,5
75024,5
77006,5
76087,5
95355,5
29615,5
89052,5
44906,5
2909,5
50325,5
78628,5
75482,5
12601,5
94577,5
30024,5
76109,5
75074,5
30101,5
78411,5
94087,5
60016,5
33931,5
94043,5
89431,5
95062,5
87111,5
95051,5
89129,5
33444,5
33441,5
46203,5
94102,5
2144,5
95023,5
95010,5
95003,5
43551,5
7631,5
94965,5
60031,5
75220,5
75224,5
94022,5
11954,5
60085,5
43219,5
93901,5
75080,5
80026,5
94607,5
63033,5
93923,5
46142,5
89501,5
94611,5
93950,5
75234,5
93955,5
89118,5
2139,5
94015,5
75225,5
11238,5
95376,5
76092,5
8807,5
95825,5
95824,5
95820,5
95819,5
62002,5
79912,5
78704,5
56301,5
17603,5
77032,5
2301,5
85364,5
95380,5
74133,5
1760,5
48439,5
93109,5
13057,5
59901,5
74012,5
33138,5
92881,5
80020,5
33706,5
80016,5
73160,5
94507,5
73401,5
73505,5
78244,5
2840,5
33130,5
30084,5
8835,5
75701,5
92843,5
32601,5
94301,5
92880,5
74354,5
75202,5
76048,5
33602,5
11209,5
93274,5
85621,5
11720,5
76051,5
78752,5
94558,5
57104,5
33606,5
85701,5
88101,5
76053,5
90023,5
33767,5
78748,5
95403,5
93308,5
20006,4
89139,4
30339,4
87402,4
78717,4
55121,4
78597,4
55105,4
78641,4
91006,4
29910,4
19106,4
55110,4
68601,4
20037,4
49770,4
20004,4
82901,4
49525,4
88240,4
78852,4
89014,4
77904,4
29926,4
87123,4
90603,4
19118,4
80601,4
30318,4
90720,4
14607,4
90638,4
19130,4
91024,4
49509,4
32205,4
88011,4
30326,4
30519,4
83704,4
30324,4
54914,4
14618,4
8057,4
83651,4
89102,4
89101,4
90744,4
19103,4
78045,4
32408,4
90808,4
49601,4
83501,4
8204,4
55125,4
32202,4
18940,4
30080,4
1581,4
30606,4
78613,4
89074,4
89110,4
49120,4
78751,4
59801,4
8226,4
78237,4
87121,4
1950,4
85381,4
60177,4
52240,4
79762,4
80138,4
90061,4
90063,4
52002,4
79761,4
90022,4
60181,4
85541,4
90020,4
78221,4
7960,4
31061,4
48307,4
78249,4
80204,4
85715,4
51101,4
78218,4
15146,4
53151,4
85737,4
50702,4
30117,4
85379,4
90044,4
30720,4
3110,4
30223,4
90032,4
31406,4
48382,4
85258,4
85296,4
48340,4
8008,4
85253,4
15122,4
78230,4
20015,4
90038,4
80012,4
80003,4
85250,4
52404,4
52402,4
79925,4
85209,4
85345,4
85205,4
80120,4
30144,4
90041,4
52246,4
18052,4
90015,4
20707,4
50613,4
53202,4
80229,4
30281,4
53226,4
48858,4
80239,4
80246,4
19335,4
48864,4
59101,4
80303,4
50021,4
84104,4
84102,4
87031,4
1923,4
79102,4
78503,4
55414,4
20170,4
49007,4
60056,4
84084,4
48220,4
53590,4
80482,4
78577,4
19145,4
78413,4
53217,4
80219,4
60126,4
85901,4
85028,4
60148,4
90221,4
85022,4
90230,4
85021,4
60134,4
90240,4
90241,4
60130,4
90247,4
15205,4
18301,4
85007,4
6019,4
50315,4
30253,4
90004,4
32536,4
30030,4
15222,4
84770,4
32507,4
80218,4
53215,4
55425,4
92557,4
91040,4
95242,4
75061,4
43123,4
75068,4
75075,4
11237,4
43230,4
95127,4
43240,4
28792,4
28801,4
28803,4
95110,4
14604,4
28806,4
2886,4
75160,4
75165,4
62881,4
75207,4
22180,4
94925,4
11377,4
75214,4
95240,4
63104,4
23113,4
63105,4
95821,4
11105,4
95814,4
74074,4
95677,4
63376,4
28601,4
28613,4
95608,4
42431,4
95476,4
95472,4
42701,4
75007,4
95405,4
95401,4
95370,4
11218,4
75019,4
95348,4
95337,4
63108,4
11220,4
75219,4
75226,4
75231,4
33844,4
94117,4
76086,4
94115,4
45040,4
21740,4
29412,4
45209,4
76148,4
76164,4
33511,4
11901,4
76205,4
45322,4
61265,4
21502,4
33458,4
37075,4
33418,4
45601,4
76401,4
2148,4
2145,4
61107,4
11731,4
94122,4
2184,4
44106,4
75237,4
11435,4
2215,4
75247,4
94578,4
94568,4
75503,4
94565,4
94563,4
22046,4
94550,4
61938,4
22041,4
94539,4
44116,4
75702,4
94510,4
94306,4
76010,4
33701,4
11570,4
44240,4
6405,4
95833,4
2142,4
27560,4
36303,4
37738,4
98166,4
36203,4
36116,4
70605,4
98133,4
98126,4
36106,4
70737,4
27612,4
67037,4
98112,4
27616,4
66801,4
27701,4
25301,4
2492,4
66604,4
10451,4
7090,4
98033,4
98032,4
10075,4
2601,4
23185,4
7044,4
37067,4
99362,4
37122,4
68508,4
99301,4
99207,4
37167,4
37055,4
10001,4
98684,4
37217,4
2740,4
70112,4
70115,4
98597,4
98503,4
68025,4
70401,4
98373,4
67846,4
70433,4
10027,4
10028,4
98031,4
7094,4
38103,4
27858,4
23510,4
72901,4
40160,4
10710,4
97045,4
40204,4
97035,4
40207,4
28216,4
23464,4
72956,4
97005,4
23456,4
34741,4
6460,4
4046,4
40475,4
64506,4
34714,4
23320,4
73118,4
73119,4
11101,4
72802,4
97128,4
97132,4
97702,4
98027,4
27896,4
24502,4
10462,4
66062,4
98002,4
71203,4
3842,4
35630,4
35611,4
28056,4
97213,4
97520,4
38671,4
97478,4
2818,4
28205,4
72450,4
97239,4
10583,4
39540,4
39564,4
94086,4
63010,4
92040,4
46530,4
92027,4
91411,4
77018,4
91436,4
60641,4
46410,4
21201,4
92865,4
92544,4
14225,4
14224,4
92555,4
92011,4
91506,4
46368,4
77581,4
91360,4
77009,4
93446,4
60659,4
77003,4
60666,4
60446,4
91351,4
60445,4
46250,4
29732,4
14127,4
77642,4
46240,4
92506,4
60451,4
21157,4
91325,4
21015,4
91915,4
92688,4
92571,4
77061,4
77087,4
92584,4
21030,4
32826,4
91752,4
92673,4
48083,4
91776,4
77076,4
91789,4
92706,4
92707,4
91744,4
21037,4
92782,4
92801,4
60510,4
77550,4
91977,4
92007,4
60453,4
2115,4
92835,4
92563,4
77477,4
77565,4
55104,4
92058,4
48073,4
77656,4
93702,4
94044,4
91306,4
76706,4
48180,4
94040,4
60540,4
60435,4
92113,4
77706,4
92173,4
20850,4
2127,4
12524,4
77845,4
92505,4
93722,4
77802,4
61008,4
2130,4
93921,4
14580,4
93662,4
47591,4
60805,4
76710,4
94061,4
92065,4
47670,4
77375,4
3301,4
32960,4
91307,4
92084,4
20874,4
94066,4
80226,3
60504,3
80232,3
24541,3
77388,3
60188,3
77396,3
23517,3
77479,3
80228,3
60532,3
77382,3
78212,3
64801,3
80222,3
60543,3
80110,3
19425,3
80215,3
30269,3
19428,3
77406,3
71701,3
23518,3
65802,3
65020,3
72701,3
28105,3
72034,3
72116,3
72143,3
77423,3
72201,3
65536,3
66111,3
28203,3
72601,3
6510,3
77429,3
77441,3
28083,3
55447,3
30236,3
71854,3
28043,3
80127,3
80128,3
1940,3
7747,3
55449,3
6484,3
6489,3
65807,3
60525,3
65803,3
23606,3
6498,3
65018,3
60516,3
29501,3
77563,3
78155,3
27104,3
60430,3
80906,3
68134,3
80903,3
55343,3
2703,3
80829,3
29801,3
8080,3
8078,3
30313,3
27012,3
55362,3
68106,3
2653,3
2747,3
27502,3
19127,3
55378,3
27103,3
70052,3
78154,3
7003,3
27265,3
6042,3
1905,3
27262,3
68845,3
81301,3
55113,3
19063,3
78006,3
27215,3
8108,3
55124,3
68144,3
55305,3
81007,3
30329,3
2081,3
70006,3
77803,3
27511,3
7042,3
67901,3
60440,3
77566,3
67005,3
6475,3
8043,3
19153,3
66762,3
60455,3
70809,3
77521,3
2474,3
1929,3
55415,3
21014,3
66223,3
55417,3
2472,3
80301,3
55423,3
77506,3
55410,3
27606,3
60404,3
67401,3
67530,3
19134,3
60447,3
80537,3
70460,3
25801,3
27534,3
55401,3
2554,3
60450,3
67213,3
55405,3
70560,3
67207,3
80517,3
60406,3
77573,3
67156,3
21075,3
28403,3
80108,3
20601,3
77011,3
78801,3
75252,3
2905,3
30022,3
78757,3
60661,3
62401,3
6067,3
60707,3
78749,3
22150,3
21223,3
78745,3
75662,3
76802,3
29607,3
62249,3
20011,3
62233,3
20016,3
21921,3
75241,3
75235,3
79121,3
77037,3
79107,3
59715,3
77049,3
75119,3
60169,3
77045,3
22301,3
75149,3
77041,3
19966,3
60629,3
60649,3
62832,3
60636,3
75209,3
79072,3
75217,3
62703,3
78247,3
75228,3
75229,3
78250,3
59802,3
2050,3
21901,3
30062,3
2132,3
76177,3
61401,3
76543,3
61282,3
76513,3
21601,3
29466,3
61201,3
61036,3
7860,3
59860,3
60026,3
61114,3
78526,3
20151,3
61111,3
60062,3
61108,3
21403,3
78572,3
60048,3
60015,3
6103,3
78418,3
76132,3
76015,3
29605,3
30040,3
76020,3
76033,3
30041,3
29301,3
29325,3
7869,3
78660,3
60005,3
29334,3
21804,3
29601,3
60103,3
60007,3
78405,3
76104,3
61614,3
61602,3
29407,3
59601,3
59105,3
23462,3
60610,3
78217,3
64063,3
7719,3
19464,3
56001,3
2842,3
77099,3
77095,3
63857,3
19468,3
74063,3
73644,3
30165,3
6382,3
74103,3
74105,3
22980,3
28546,3
77092,3
74146,3
30141,3
22903,3
28405,3
19460,3
78240,3
7728,3
29650,3
55901,3
64735,3
60560,3
2109,3
60563,3
55902,3
21090,3
21093,3
73106,3
73110,3
60060,3
73112,3
64133,3
80021,3
60602,3
60603,3
64114,3
64112,3
64111,3
64093,3
23226,3
74401,3
6338,3
77091,3
58103,3
75033,3
57701,3
77082,3
77080,3
79414,3
30115,3
77065,3
77064,3
22310,3
58078,3
75056,3
30135,3
30009,3
77063,3
30013,3
75067,3
75070,3
58203,3
63028,3
30097,3
75093,3
75098,3
63109,3
28655,3
75020,3
60612,3
7446,3
79763,3
78223,3
28602,3
74601,3
79705,3
79701,3
63139,3
78227,3
57105,3
63131,3
63129,3
77089,3
22601,3
63122,3
57106,3
75002,3
77088,3
57107,3
77084,3
63118,3
76308,3
32174,3
19044,3
33037,3
93306,3
93307,3
93311,3
46350,3
93442,3
33146,3
46311,3
12804,3
33149,3
46278,3
46268,3
93555,3
46222,3
93635,3
93637,3
12561,3
93703,3
12550,3
46208,3
46383,3
93243,3
46526,3
92883,3
47025,3
92649,3
92657,3
46804,3
33126,3
92831,3
33132,3
33133,3
92887,3
93221,3
93012,3
93013,3
93021,3
93023,3
33134,3
93035,3
46563,3
33135,3
93727,3
46168,3
46131,3
44256,3
45013,3
44720,3
11735,3
94118,3
11725,3
94121,3
44512,3
11590,3
44236,3
45056,3
33635,3
44203,3
94303,3
94403,3
33713,3
94509,3
94530,3
11550,3
45044,3
11768,3
94019,3
33410,3
33309,3
94041,3
94080,3
33324,3
94089,3
45840,3
1238,3
33408,3
33426,3
11787,3
33460,3
1201,3
94108,3
45331,3
33463,3
33483,3
11932,3
11793,3
92624,3
92610,3
44111,3
47201,3
91011,3
32780,3
91103,3
48183,3
91203,3
48168,3
91210,3
32803,3
91304,3
91311,3
91316,3
91331,3
91335,3
48135,3
91345,3
91381,3
91401,3
14222,3
14221,3
91001,3
48187,3
90742,3
90270,3
1501,3
32701,3
48310,3
90065,3
90071,3
48235,3
90248,3
90249,3
32726,3
48198,3
48227,3
48226,3
90402,3
90505,3
90601,3
90602,3
90670,3
48202,3
91701,3
91731,3
91732,3
92337,3
48035,3
48034,3
48009,3
92231,3
92264,3
92284,3
92316,3
47803,3
92346,3
92119,3
92371,3
92373,3
92407,3
92551,3
47404,3
47401,3
92583,3
92595,3
48038,3
92102,3
91737,3
91941,3
32836,3
32839,3
91748,3
91780,3
48071,3
91901,3
91914,3
14202,3
48066,3
32922,3
14150,3
91978,3
92009,3
32905,3
92021,3
92029,3
92057,3
14094,3
94536,3
44102,3
48371,3
96797,3
97266,3
39402,3
39157,3
97330,3
97403,3
97404,3
3874,3
38703,3
97439,3
10543,3
10538,3
97504,3
35401,3
97707,3
38464,3
10457,3
3820,3
38119,3
38018,3
97222,3
35045,3
97206,3
97071,3
96817,3
96818,3
40383,3
34746,3
40258,3
10901,3
97068,3
97070,3
40076,3
97205,3
34994,3
97103,3
10705,3
34997,3
97124,3
10701,3
97140,3
97203,3
98036,3
38017,3
98052,3
37221,3
37312,3
98408,3
98409,3
98424,3
98444,3
10017,3
98604,3
10009,3
98632,3
98372,3
36832,3
98662,3
37214,3
98683,3
99019,3
99218,3
37066,3
37090,3
10021,3
10023,3
35976,3
37701,3
98059,3
37912,3
1035,3
98102,3
98105,3
98117,3
10308,3
98136,3
1020,3
36607,3
98271,3
98275,3
98277,3
36542,3
37421,3
36571,3
37408,3
10029,3
40422,3
34711,3
94560,3
40505,3
95030,3
95032,3
95054,3
95060,3
95073,3
95111,3
33948,3
95118,3
95119,3
95126,3
43221,3
33957,3
43207,3
43206,3
43201,3
11230,3
34104,3
11226,3
34109,3
11356,3
94954,3
33909,3
94609,3
44060,3
94587,3
44053,3
33809,3
33813,3
33823,3
44012,3
94608,3
94612,3
11373,3
94618,3
11415,3
33896,3
94707,3
94710,3
94901,3
43613,3
11378,3
95304,3
43065,3
95336,3
41017,3
95928,3
95993,3
96001,3
11050,3
4102,3
34613,3
96007,3
96021,3
96143,3
95841,3
34668,3
96701,3
40701,3
96734,3
10964,3
96740,3
40509,3
34698,3
95842,3
95822,3
95354,3
42301,3
95356,3
34202,3
43035,3
34217,3
42718,3
95448,3
34231,3
95616,3
95624,3
95818,3
34293,3
11205,3
95660,3
42134,3
95742,3
11106,3
95765,3
34450,3
48341,3
93510,3
52761,3
1701,3
86442,3
50131,3
32114,3
86326,3
50316,3
32080,3
85747,3
85635,3
1752,3
31548,3
52241,3
85377,3
52317,3
85351,3
85340,3
85339,3
52501,3
85323,3
31522,3
52632,3
52722,3
85286,3
18017,3
85268,3
85266,3
18018,3
31405,3
50010,3
87048,3
85257,3
87107,3
8902,3
32312,3
89015,3
49341,3
8880,3
32301,3
8857,3
49424,3
16001,3
32223,3
49503,3
49504,3
49505,3
49506,3
49512,3
49519,3
8809,3
8805,3
32218,3
87544,3
32177,3
8742,3
16801,3
8734,3
87301,3
87124,3
49855,3
1803,3
53027,3
89032,3
53583,3
53713,3
84037,3
84010,3
83843,3
54302,3
83703,3
54304,3
30542,3
1887,3
18901,3
8330,3
18914,3
54660,3
54701,3
83025,3
54901,3
18938,3
54911,3
18964,3
82414,3
30501,3
82070,3
19025,3
82009,3
82007,3
3038,3
30363,3
84067,3
53566,3
31322,3
53545,3
31210,3
31093,3
53105,3
53115,3
85054,3
53142,3
85042,3
85041,3
85034,3
85023,3
85009,3
85008,3
3103,3
84737,3
84663,3
84606,3
84604,3
84601,3
84401,3
53402,3
84121,3
1845,3
84119,3
30907,3
18507,3
84109,3
3079,3
89031,3
6877,3
48446,3
89706,3
48507,3
32407,3
49002,3
1566,3
48843,3
89145,3
15232,3
15301,3
32561,3
90019,3
90003,3
32514,3
15650,3
90010,3
89120,3
48933,3
64468,2
6443,2
60521,2
6029,2
64503,2
30906,2
53532,2
4043,2
28227,2
30813,2
60123,2
53546,2
53558,2
40502,2
48734,2
6437,2
40507,2
28358,2
32765,2
64118,2
28334,2
4092,2
4086,2
34677,2
4074,2
60304,2
6415,2
60302,2
53511,2
60301,2
30306,2
64150,2
64153,2
55413,2
28311,2
28306,2
34769,2
34952,2
40223,2
53715,2
30701,2
32541,2
30677,2
65026,2
39553,2
48604,2
28210,2
39530,2
39465,2
30650,2
55404,2
65101,2
39401,2
39307,2
6514,2
54022,2
39111,2
65201,2
38843,2
30721,2
39705,2
34786,2
48617,2
53562,2
40214,2
64759,2
41011,2
40206,2
28213,2
32757,2
53575,2
48638,2
55411,2
30742,2
55409,2
40031,2
30736,2
32746,2
64850,2
64870,2
39759,2
53705,2
53406,2
64083,2
53404,2
42420,2
34243,2
60107,2
34266,2
63366,2
53207,2
60410,2
42262,2
63379,2
34285,2
60108,2
55442,2
2860,2
6340,2
53208,2
28560,2
60110,2
28557,2
4210,2
6360,2
63143,2
42445,2
64105,2
63132,2
34145,2
53140,2
60417,2
28659,2
43055,2
63116,2
43050,2
34207,2
43017,2
48186,2
42754,2
63119,2
3106,2
63123,2
28630,2
60106,2
53188,2
63130,2
34233,2
34428,2
34429,2
63640,2
28501,2
64057,2
34475,2
34491,2
48207,2
4105,2
41042,2
34609,2
48210,2
53224,2
32533,2
64079,2
28390,2
55430,2
55427,2
3101,2
28152,2
6035,2
28379,2
31008,2
48204,2
31021,2
64050,2
53218,2
30263,2
42003,2
42001,2
28470,2
6379,2
60408,2
48838,2
28461,2
34470,2
34474,2
53220,2
31023,2
64012,2
64024,2
64029,2
64037,2
41091,2
34471,2
28160,2
38804,2
35233,2
55336,2
36602,2
30319,2
54915,2
67601,2
37405,2
54952,2
55316,2
30328,2
36608,2
27510,2
37363,2
27504,2
37354,2
37347,2
68028,2
48317,2
55024,2
55040,2
30458,2
55331,2
27530,2
35235,2
67502,2
37745,2
36305,2
32566,2
67212,2
37664,2
54902,2
67214,2
36526,2
37620,2
67218,2
37617,2
67337,2
60178,2
27542,2
30531,2
27536,2
32578,2
67501,2
3264,2
48328,2
37311,2
37310,2
2745,2
37172,2
55106,2
68154,2
68164,2
6824,2
37160,2
37148,2
27302,2
27292,2
68467,2
27284,2
68505,2
37129,2
37128,2
37064,2
30346,2
55101,2
68516,2
37069,2
68138,2
37201,2
68137,2
68114,2
27410,2
36801,2
3045,2
37303,2
68107,2
48335,2
36830,2
60174,2
55118,2
48359,2
27401,2
30340,2
48346,2
68127,2
30341,2
55057,2
37207,2
37042,2
5482,2
27603,2
27605,2
3833,2
65804,2
65806,2
54401,2
38654,2
66002,2
55379,2
38606,2
6604,2
35601,2
30549,2
28036,2
66048,2
66049,2
6605,2
38478,2
54482,2
35653,2
38358,2
28001,2
48603,2
60189,2
38672,2
65605,2
38826,2
28144,2
65548,2
53129,2
28134,2
3064,2
30605,2
65584,2
65622,2
28078,2
60137,2
28115,2
28110,2
54303,2
65712,2
65737,2
55391,2
65775,2
66071,2
27949,2
67202,2
48230,2
36037,2
37874,2
30314,2
37865,2
30017,2
37862,2
36066,2
67010,2
36104,2
67042,2
54751,2
27610,2
37804,2
27609,2
67114,2
67124,2
27607,2
48309,2
36107,2
32712,2
66611,2
37918,2
54615,2
27927,2
30540,2
35802,2
27910,2
3031,2
27893,2
35811,2
38024,2
66213,2
48239,2
54650,2
54656,2
38002,2
60187,2
37920,2
37919,2
66606,2
27705,2
31069,2
28712,2
34135,2
46321,2
46319,2
4976,2
59716,2
60478,2
46307,2
32168,2
55102,2
33150,2
60467,2
60462,2
49931,2
46241,2
46234,2
33166,2
59714,2
60459,2
60457,2
59602,2
33178,2
46320,2
46322,2
49548,2
46323,2
33137,2
60638,2
49636,2
46528,2
49009,2
49686,2
46405,2
48085,2
60642,2
46375,2
60644,2
46371,2
60645,2
29708,2
3246,2
60651,2
32176,2
46360,2
29715,2
46217,2
32162,2
29582,2
6095,2
46041,2
50265,2
58201,2
30110,2
33409,2
50266,2
32827,2
45503,2
45385,2
48915,2
29488,2
57751,2
29483,2
45356,2
33461,2
50323,2
32055,2
45320,2
32034,2
60061,2
46060,2
48092,2
46140,2
59404,2
30066,2
46205,2
32159,2
46201,2
50112,2
33304,2
46151,2
29572,2
61074,2
46135,2
32830,2
46123,2
30096,2
46112,2
61068,2
50219,2
58503,2
60040,2
49546,2
61350,2
32958,2
33009,2
30078,2
47905,2
33012,2
49337,2
59937,2
47802,2
29640,2
60585,2
29631,2
60514,2
47714,2
33015,2
60604,2
33019,2
49345,2
60606,2
33020,2
47630,2
49321,2
32304,2
46580,2
29651,2
29680,2
49202,2
48043,2
29681,2
32931,2
32405,2
32935,2
6053,2
32401,2
29678,2
48047,2
29673,2
48060,2
32937,2
32952,2
32955,2
60544,2
29671,2
60546,2
60609,2
30071,2
47586,2
47448,2
33063,2
46835,2
46825,2
6062,2
46805,2
60506,2
60620,2
33127,2
32444,2
46628,2
49015,2
49508,2
59758,2
46614,2
60035,2
29707,2
32459,2
4901,2
30087,2
33062,2
46970,2
49445,2
33033,2
47408,2
49412,2
59911,2
49417,2
49418,2
47274,2
60025,2
59808,2
49048,2
60616,2
47150,2
32257,2
49441,2
47112,2
49442,2
32250,2
60615,2
46992,2
61342,2
61354,2
30248,2
48854,2
4841,2
48167,2
2893,2
29841,2
43611,2
33908,2
43608,2
60091,2
55904,2
43558,2
33913,2
43537,2
2891,2
43528,2
52801,2
60423,2
32506,2
33919,2
31404,2
33905,2
33901,2
44056,2
2895,2
52401,2
56031,2
5602,2
44039,2
44035,2
48910,2
44024,2
32807,2
48906,2
52544,2
60074,2
6268,2
32805,2
4401,2
33859,2
33860,2
32504,2
31419,2
48867,2
52807,2
43460,2
62901,2
43420,2
33990,2
53081,2
48176,2
60101,2
34103,2
28779,2
30240,2
53110,2
63044,2
28739,2
60102,2
28734,2
28716,2
28715,2
34114,2
49127,2
63101,2
28697,2
43081,2
43213,2
53073,2
28787,2
43302,2
43402,2
62933,2
28805,2
62959,2
31401,2
62966,2
43316,2
55802,2
53018,2
43220,2
53022,2
32796,2
28791,2
33950,2
48170,2
63025,2
63026,2
53045,2
30189,2
62522,2
48101,2
45066,2
45036,2
29360,2
31901,2
45011,2
33566,2
33573,2
30125,2
61802,2
57005,2
61822,2
44691,2
31794,2
48103,2
56721,2
56601,2
44446,2
33611,2
44333,2
29316,2
51106,2
33549,2
29063,2
33548,2
50677,2
29451,2
33486,2
45245,2
29445,2
45236,2
30121,2
45212,2
29418,2
29414,2
31906,2
45206,2
33544,2
61550,2
45203,2
45177,2
33547,2
51105,2
61603,2
29307,2
44313,2
33615,2
44308,2
44130,2
44115,2
62269,2
33761,2
62294,2
62301,2
30161,2
48105,2
48116,2
52361,2
30180,2
29169,2
30064,2
33765,2
33771,2
44074,2
44070,2
30188,2
29072,2
2919,2
52302,2
44136,2
29730,2
31707,2
33625,2
30132,2
61944,2
31701,2
29212,2
31602,2
62025,2
48911,2
60070,2
29210,2
62035,2
33704,2
62040,2
62208,2
29205,2
62223,2
52245,2
48375,2
60448,2
68701,2
18034,2
85331,2
85298,2
85295,2
85282,2
18020,2
85262,2
85248,2
17604,2
85233,2
85215,2
18042,2
18045,2
85210,2
18051,2
1776,2
17602,2
8520,2
85743,2
17055,2
86025,2
17201,2
1721,2
17356,2
85748,2
17402,2
17601,2
85718,2
1749,2
85552,2
85392,2
85383,2
85367,2
85202,2
85131,2
86314,2
84044,2
84107,2
84103,2
84094,2
84088,2
84070,2
84047,2
84042,2
84115,2
83864,2
83854,2
83815,2
83716,2
1879,2
83687,2
18508,2
18503,2
18102,2
1821,2
85085,2
85051,2
18104,2
18109,2
18201,2
85033,2
18235,2
84117,2
85003,2
1830,2
84341,2
18360,2
18411,2
84129,2
17050,2
86322,2
83646,2
15219,2
90031,2
15108,2
15136,2
15143,2
90011,2
15202,2
89835,2
90037,2
89521,2
89509,2
89506,2
15237,2
89448,2
89445,2
15068,2
15017,2
89183,2
907,2
91104,2
91020,2
91007,2
90813,2
90716,2
90713,2
90302,2
90059,2
90274,2
90211,2
14830,2
90094,2
90068,2
14850,2
89436,2
89158,2
17043,2
16830,2
16214,2
16509,2
8755,2
87508,2
16602,2
16803,2
8723,2
88201,2
87120,2
87113,2
87004,2
17015,2
86429,2
86403,2
16101,2
1610,2
89131,2
89005,2
89115,2
89113,2
89108,2
89027,2
89019,2
89012,2
8854,2
8822,2
8850,2
15905,2
8837,2
88310,2
16066,2
88220,2
83686,2
83617,2
2093,2
78602,2
20024,2
78634,2
78626,2
20110,2
20121,2
20147,2
20155,2
78681,2
20158,2
20165,2
78559,2
20169,2
78541,2
78537,2
78664,2
78703,2
78520,2
79106,2
79382,2
79360,2
7936,2
19808,2
19901,2
79118,2
79103,2
78722,2
78756,2
78750,2
78746,2
78729,2
78724,2
78723,2
78521,2
78501,2
19702,2
20877,2
78003,2
20815,2
77710,2
20854,2
77707,2
77632,2
77587,2
7803,2
77586,2
77575,2
20878,2
77568,2
20879,2
77551,2
20794,2
78043,2
20176,2
2045,2
78415,2
78412,2
78410,2
78401,2
78374,2
78363,2
78257,2
78052,2
78233,2
78222,2
78211,2
20744,2
20745,2
78102,2
79401,2
79412,2
83616,2
80918,2
81147,2
81101,2
19064,2
19073,2
19081,2
19090,2
19102,2
81224,2
8091,2
80907,2
80904,2
80863,2
80828,2
80817,2
19056,2
81435,2
19125,2
82501,2
8360,2
83221,2
83202,2
83001,2
82935,2
82801,2
8243,2
19047,2
19002,2
19006,2
1901,2
81647,2
81632,2
19046,2
8077,2
19136,2
19701,2
79903,2
19440,2
19446,2
80004,2
79932,2
19473,2
79907,2
79821,2
80104,2
79720,2
79606,2
79603,2
1960,2
19610,2
1969,2
801,2
19401,2
80528,2
8037,2
80526,2
80525,2
80521,2
8052,2
80452,2
19149,2
80305,2
80126,2
80238,2
19355,2
80216,2
80212,2
8021,2
80130,2
91201,2
91202,2
91204,2
95843,2
1105,2
96002,2
95969,2
95966,2
95945,2
95864,2
95827,2
11021,2
95826,2
95816,2
95776,2
95746,2
1119,2
95648,2
96080,2
96161,2
95630,2
96819,2
97062,2
10801,2
10803,2
97013,2
97007,2
96826,2
96814,2
10990,2
10927,2
10928,2
10940,2
96782,2
96746,2
96743,2
11206,2
95620,2
10707,2
95124,2
95204,2
95203,2
95202,2
95131,2
95130,2
95129,2
95122,2
11234,2
95076,2
95070,2
95050,2
95014,2
94960,2
94956,2
95205,2
11232,2
11208,2
95409,2
95610,2
95603,2
95521,2
11214,2
95425,2
95422,2
95366,2
95219,2
95363,2
11219,2
95340,2
95330,2
11222,2
95247,2
97080,2
97116,2
91205,2
98270,2
1002,2
98366,2
98337,2
10026,2
10031,2
10038,2
98264,2
98402,2
10128,2
98239,2
98203,2
98201,2
98158,2
98144,2
98390,2
98403,2
98118,2
98665,2
99515,2
99501,2
99354,2
99352,2
99336,2
99204,2
98664,2
98406,2
98661,2
98626,2
98512,2
98499,2
98498,2
98467,2
10306,2
98115,2
97212,2
10566,2
10507,2
10512,2
10528,2
97502,2
10549,2
97365,2
97333,2
10502,2
97321,2
97305,2
97267,2
97233,2
10605,2
97215,2
97741,2
10472,2
98110,2
98045,2
98108,2
98104,2
98092,2
98087,2
98057,2
98056,2
98042,2
98005,2
98037,2
98030,2
98029,2
98028,2
10453,2
98020,2
94952,2
94939,2
94931,2
92570,2
92653,2
92637,2
92604,2
13601,2
92586,2
92582,2
92405,2
92703,2
13820,2
92394,2
92354,2
92352,2
13901,2
14020,2
13413,2
92808,2
92301,2
93239,2
93428,2
93427,2
93405,2
93268,2
13021,2
93240,2
93215,2
13204,2
13041,2
93108,2
93060,2
93030,2
93004,2
13202,2
92307,2
92277,2
11375,2
91343,2
91724,2
91608,2
91607,2
91606,2
91501,2
91356,2
91342,2
91746,2
14482,2
91326,2
91302,2
91301,2
91208,2
1453,2
91741,2
14216,2
92252,2
92124,2
92236,2
14043,2
14068,2
92210,2
92203,2
92127,2
14072,2
14214,2
14092,2
14141,2
92036,2
92010,2
14201,2
91792,2
93454,2
93465,2
93514,2
94131,2
94526,2
94515,2
94503,2
94404,2
94305,2
94158,2
11576,2
94545,2
94127,2
11693,2
11701,2
94124,2
11709,2
94115-2709,2
11552,2
94546,2
12590,2
94599,2
94904,2
11385,2
94709,2
94702,2
94621,2
11430,2
94598,2
94561,2
11501,2
94591,2
94585,2
94574,2
94572,2
94564,2
11743,2
11747,2
94114,2
93726,2
94005,2
93933,2
93907,2
93906,2
93905,2
93728,2
12549,2
11758,2
12553,2
93657,2
93654,2
93644,2
93625,2
93552,2
94030,2
12518,2
12401,2
12207,2
12206,2
11971,2
94110-1115,2
11944,2
11937,2
11803,2
94110-3907,2
11788,2
11783,2
11782,2
11777,2
11763,2
11762,2
77541,2
37076,2
70403,2
2368,2
23602,2
21214,2
75090,2
70592,2
72023,2
23608,2
22025,2
7059,2
76903,2
21811,2
75672,2
23831,2
75703,2
21218,2
77004,2
22003,2
75088,2
76043,2
26062,2
70769,2
76901,2
75087,2
75081,2
70570,2
76711,2
23701,2
7670,2
75801,2
72756,2
23601,2
75065,2
75103,2
25438,2
21619,2
77027,2
72022,2
72211,2
77025,2
74037,2
77021,2
26505,2
74059,2
26501,2
70380,2
2646,2
22044,2
23860,2
7702,2
74066,2
21208,2
21801,2
21209,2
70611,2
21210,2
74075,2
74079,2
72761,2
25443,2
24540,2
74112,2
22603,2
75060,2
77031,2
70517,2
70815,2
7647,2
2478,2
70506,2
75044,2
76018,2
22312,2
2557,2
21842,2
75042,2
76234,2
2141,2
2143,2
76426,2
75050,2
70806,2
2150,2
2152,2
76039,2
76266,2
25304,2
72335,2
22747,2
70518,2
7604,2
70791,2
72315,2
75039,2
70816,2
75051,2
7086,2
22901,2
74701,2
7083,2
75057,2
70548,2
74344,2
21286,2
75032,2
22407,2
74403,2
22657,2
7442,2
76179,2
25312,2
72404,2
24012,2
72032,2
76040,2
2382,2
74467,2
75965,2
7621,2
75052,2
2135,2
2189,2
25526,2
76016,2
76017,2
76502,2
2451,2
77029,2
2119,2
77354,2
77378,2
6902,2
75146,2
6905,2
73072,2
69101,2
73071,2
25414,2
73128,2
23294,2
74868,2
21784,2
73132,2
73134,2
23233,2
69361,2
24301,2
22205,2
73069,2
23230,2
73149,2
73064,2
2719,2
77357,2
7002,2
73159,2
7004,2
77036,2
22207,2
24202,2
23336,2
77384,2
73102,2
25401,2
2539,2
68776,2
7310,2
6880,2
24151,2
24141,2
71753,2
21031,2
21040,2
7748,2
77471,2
68847,2
22193,2
24201,2
70665,2
22192,2
21771,2
22202,2
22182,2
21045,2
75010,2
75211,2
75212,2
77414,2
73116,2
7608,2
75218,2
72207,2
71913,2
75240,2
2446,2
21122,2
7712,2
77098,2
23112,2
77096,2
22102,2
21128,2
74019,2
22101,2
2113,2
77083,2
22305,2
23111,2
75110,2
75494,2
77072,2
76119,2
77069,2
7020,2
77060,2
72916,2
77054,2
77053,2
77043,2
7024,2
26554,2
77042,2
22079,2
75109,2
73044,2
2664,2
74008,2
77304,2
70062,2
73533,2
2538,2
2108,2
7304,2
21703,2
27101,2
70068,2
22209,2
7733,2
75261,2
23222,2
23219,2
75287,2
7726,2
73003,2
23455,2
22304,2
75126,2
23188,2
73018,2
2379,2
11724,1
11730,1
33605,1
11742,1
11729,1
33603,1
33578,1
33596,1
33604,1
33576,1
33594,1
11741,1
21001,1
11719,1
24084,1
33715,1
33756,1
33759,1
11554,1
11553,1
24060,1
28081,1
33763,1
28079,1
11545,1
11542,1
33770,1
11559,1
11540,1
33778,1
33781,1
28075,1
24091,1
11520,1
24121,1
11516,1
33805,1
24153,1
11432,1
28092,1
33712,1
11714,1
33626,1
33609,1
11710,1
23860-2662,1
23901,1
24011,1
33613,1
24015,1
11596,1
33618,1
33619,1
24016,1
33629,1
33710,1
11575,1
11572,1
11566,1
33647,1
11563,1
24018,1
33702,1
11561,1
28104,1
28097,1
33707,1
33572,1
33437,1
33556,1
28214,1
33157,1
12575-5011,1
12578,1
23508,1
12583,1
33156,1
12586,1
23504,1
12569,1
12603,1
12828,1
12831,1
12834-6132,1
23502,1
12845,1
33145,1
12572,1
33165,1
23693,1
33186,1
23690,1
12528,1
12534,1
33308,1
23669,1
23661,1
12540,1
33183,1
33170,1
33181,1
23651,1
12542,1
12546,1
23605-3417,1
28212,1
12563,1
12845-1442,1
12901,1
12946,1
13323,1
13212,1
33122,1
33071,1
33065,1
13224,1
1331,1
33064,1
13346,1
12972,1
13365,1
1337,1
33056,1
2828,1
28304,1
13440,1
23323,1
13210,1
23325,1
33128,1
13206,1
23452,1
1301,1
33143,1
33140,1
2343,1
13035,1
23418,1
13039,1
13066,1
28269,1
13069,1
28270,1
23350,1
13084,1
13140,1
12521,1
12520,1
23851,1
11940,1
33511-4796,1
11795,1
11798,1
33496,1
11930,1
33484,1
23808,1
11946,1
33525,1
11949,1
11964,1
33462,1
11976,1
12010,1
12065,1
33455,1
33513,1
11792,1
33314,1
28150,1
23847,1
11749,1
11753,1
11755,1
11757,1
28147,1
23834,1
11769,1
33541-6938,1
2816,1
11778,1
28170,1
11784,1
11786,1
28173,1
33543,1
12077,1
33446,1
12078,1
1245,1
33403,1
1240,1
33351,1
33341,1
33334,1
33331,1
12414,1
1247,1
12110,1
33328,1
12477,1
33325,1
12508,1
33323,1
33322,1
23703,1
33404,1
33405,1
33406,1
12309,1
33830,1
12118,1
33431-7212,1
12180,1
33428,1
28207,1
23704,1
12210,1
12220,1
12302,1
33413,1
33411,1
12303,1
12305,1
12308,1
24175,1
27852,1
11421,1
27514-2201,1
10456,1
35768,1
35760,1
35759,1
10460,1
10461,1
35758,1
35750,1
35661,1
27513,1
10468,1
35640,1
10470,1
26101,1
10474,1
26059,1
10504,1
35801,1
26241,1
10454,1
35960,1
35986,1
1038,1
1040,1
2746,1
10452,1
35967,1
26431,1
35957,1
35805,1
35907,1
35903,1
2639,1
35901,1
2633,1
35810,1
35806,1
3561,1
27518,1
27540,1
35540,1
35211,1
35205,1
35203,1
35173,1
35160,1
35148,1
35115,1
10567,1
35111,1
2575,1
35094,1
35085,1
35077,1
35068,1
25703,1
35056,1
10580,1
35226,1
25827,1
26003,1
26041,1
35501,1
35476,1
35475,1
10520,1
35470,1
27522,1
10530,1
35244,1
26040,1
10541,1
10547,1
27524,1
1056,1
35243,1
10560,1
10562,1
1036,1
10314,1
2655,1
36043,1
10006,1
37013,1
36867,1
36853,1
27288,1
1001,1
27258,1
27295,1
27253,1
27310,1
27312,1
36744,1
36732,1
2724,1
36693,1
36619,1
36618,1
37030,1
10005,1
37040,1
04841-3368,1
37074,1
37072,1
01930-5731,1
02199-7602,1
27278,1
02903-4228,1
27282,1
06103-1423,1
07738-1751,1
37062,1
06416-1015,1
2726,1
06702-2220,1
37043,1
06784-1532,1
06824-6734,1
36617,1
27203,1
36609,1
36105,1
36301,1
36207,1
36206,1
27027,1
36201,1
27025,1
10310,1
27407,1
27045,1
27408,1
36092,1
36083,1
36081,1
26582,1
36054,1
10312,1
10303,1
27360,1
2720,1
10044,1
27312-8872,1
36606,1
10033,1
36575,1
10034,1
36561,1
36545,1
27332,1
10301,1
27344,1
10069,1
36420,1
10167,1
36330,1
1027,1
10282,1
35055,1
35051,1
33841,1
11235,1
34139,1
2467,1
11223,1
11224,1
34112,1
27834,1
11228,1
33036,1
11229,1
11231,1
24641,1
2464,1
33993,1
33991,1
2459,1
24588,1
24572,1
27809,1
11219-3811,1
2780,1
11215-8224,1
34239,1
34237,1
11215-1045,1
11215-3403,1
11215-4625,1
34229,1
11215-8145,1
34224,1
2777,1
2476,1
27713-8261,1
34212,1
24740,1
34211,1
11216,1
11218-3919,1
33971,1
11236,1
10591,1
11237-2983,1
33912,1
24219,1
11369,1
24211-7482,1
24210,1
2420,1
33904,1
28037,1
33897,1
11414,1
33884,1
33880,1
33870,1
24179,1
28052,1
11416,1
11418,1
24351,1
11368,1
11366,1
11249,1
11237-4034,1
27939,1
33956,1
27948,1
27958,1
24501,1
11238-4901,1
11249-3112,1
24360,1
28012,1
33928,1
11249-4893,1
1128,1
33921,1
2445,1
33914,1
34242,1
27704,1
24970,1
25177,1
1085,1
34950,1
34949,1
1089,1
34788,1
34787,1
25504,1
34785,1
10918,1
34762,1
34747,1
10920,1
27596,1
10925,1
2760,1
10930,1
10941,1
1077,1
1075,1
27565,1
35042,1
10594,1
25702,1
27545,1
35044,1
35043,1
1062,1
10704,1
35020,1
34957,1
35007,1
27545-7719,1
10708,1
34990,1
34982,1
2563,1
34974,1
10950,1
10954,1
10956,1
11109,1
2534,1
34482,1
27613,1
11103,1
25313,1
27614,1
34453,1
25311,1
34604,1
34448,1
11203,1
11203-2712,1
3431,1
11204,1
34292,1
2767,1
34601,1
25389,1
2543,1
34669,1
34685,1
34684,1
10960,1
10965,1
10974,1
10989,1
10994,1
11004,1
34606,1
34667,1
25405,1
11030,1
34654,1
34639,1
27608,1
25404,1
13476,1
32810,1
13495,1
29576,1
21663,1
30346-1518,1
19034,1
19043,1
30345,1
21632,1
21629,1
30344,1
19055,1
29461,1
3034,1
1906,1
21620,1
19061,1
21613,1
19072,1
30331,1
19029,1
19026,1
3042,1
3051,1
30528,1
18974,1
30525,1
21702,1
30518,1
19001,1
30512,1
30506,1
19010,1
30504,1
2170,1
19003,1
30474,1
30461,1
2169,1
29439,1
21550,1
19079,1
29482,1
19311,1
19144,1
19148,1
29565,1
19150,1
2140,1
1930,1
19301,1
19312,1
29560,1
19317,1
30297,1
19341,1
2131,1
19342,1
30295,1
19344,1
19139,1
29526,1
30327,1
19119,1
19085,1
19087,1
21520,1
29485,1
29492,1
2149,1
30316,1
19121,1
29512,1
19124,1
29505,1
19128,1
1913,1
19131,1
29506,1
29511,1
18951,1
18931,1
21704,1
3076,1
2190,1
2186,1
29229,1
18509,1
18518,1
1852,1
3077,1
1854,1
1843,1
30752,1
18603,1
18610,1
30742-3884,1
18634,1
1864,1
18642,1
1844,1
2921,1
18657,1
18322,1
29203,1
31032,1
1824,1
21915,1
1826,1
2191,1
18321,1
18336,1
1840,1
18337,1
18344,1
18350,1
21903,1
31015,1
31010,1
29209,1
18644,1
1867,1
21722,1
2176,1
30577,1
3055,1
29365,1
29401,1
18834,1
18840,1
3054,1
30538,1
21769,1
18848,1
1886,1
21742,1
29406,1
30535,1
30533,1
18914-3126,1
18801,1
1880,1
29303,1
18705,1
30735,1
30728,1
18702,1
3071,1
30705,1
30680,1
18704,1
18707,1
29341,1
30669,1
30642,1
18709,1
30639,1
3063,1
30620,1
1876,1
30286,1
19363,1
23322,1
19372,1
20629,1
30022-4856,1
20646,1
30019,1
20650,1
2066,1
30014,1
20670,1
30012,1
20688,1
20705,1
20706,1
30008,1
29662,1
30005,1
20712,1
20716,1
2061,1
20603,1
20536,1
21102,1
21108,1
30060,1
30058,1
30047,1
20190,1
30046,1
30044,1
20194,1
2053,1
2110,1
2021,1
2025,1
30043,1
29649,1
2038,1
2043,1
21074,1
2072,1
20724,1
29687,1
20866,1
20872,1
21044,1
29745,1
20876,1
21043,1
21042,1
21029,1
29842,1
20886,1
29690,1
20902,1
29729,1
20904,1
29720,1
20906,1
29803,1
21045-2349,1
29935,1
20759,1
20735,1
20737,1
20740,1
21061,1
21060,1
29672,1
20747,1
21051,1
29906,1
20772,1
21050,1
20782,1
21047,1
21046,1
29907,1
20817,1
2019,1
2111,1
21111,1
19518,1
30168,1
19486,1
1949,1
30157,1
30152,1
19492,1
30143,1
30134,1
29609,1
19522,1
30129,1
19530,1
21215,1
19543,1
30127,1
30126,1
30179,1
19475,1
21213,1
21234,1
2129,1
1938,1
30252,1
29579,1
19390,1
21244,1
21236,1
30233,1
19473-1016,1
1944,1
30224,1
29588,1
21229,1
21228,1
30204,1
21225,1
19555,1
19607,1
21117,1
20120,1
29624,1
29627,1
21162,1
20017,1
20018,1
21146-2530,1
21146,1
20132,1
19963,1
2114,1
21136,1
20148,1
20164,1
30068,1
30067,1
20166-2416,1
19977,1
19952,1
19609,1
21206,1
30122,1
21212,1
30120,1
21211,1
29620,1
30114,1
19707,1
21204,1
19930,1
19709,1
19713,1
19730,1
19803,1
30094,1
30093,1
21202-1039,1
31036,1
3104,1
29201,1
31055,1
32707,1
22939,1
22902,1
14891,1
32703,1
14904,1
15009-2227,1
32626,1
1504,1
32615,1
15071,1
15074,1
1508,1
15102,1
32608,1
32607,1
15106,1
22958,1
14845,1
22968,1
32751,1
14616,1
32771,1
23005,1
14626,1
32763,1
3276,1
1464,1
1475,1
28544,1
14760,1
32738,1
28532,1
22974,1
14787,1
14810,1
32725,1
32606,1
32605,1
22840,1
32526,1
32539,1
15213,1
32534,1
15217,1
28621,1
3253,1
15223,1
15224,1
15203,1
22740,1
15227,1
15228,1
28625,1
32505,1
22620,1
15238,1
15212,1
22802,1
32603,1
32570,1
15120-1548,1
15132,1
32580,1
22835,1
32579,1
15137,1
32571,1
3257,1
1520,1
28605,1
15147,1
32563,1
1516,1
32550,1
32547,1
28607,1
14614,1
32773,1
2852,1
32953,1
28352,1
14032,1
2330,1
14036,1
32966,1
32962,1
14052,1
28366,1
28339,1
32951,1
14070,1
28387,1
23227,1
14081,1
32926,1
23225,1
14006,1
23310,1
23224,1
1375,1
28315,1
33032,1
33029,1
33027,1
33026,1
23314,1
33025,1
13760,1
28333,1
33024,1
13815,1
28326,1
33021,1
28328,1
13850,1
13862,1
32920,1
32909,1
14609,1
28467,1
28443,1
28445,1
23047,1
14510,1
14526,1
28457,1
28465,1
28468,1
21017,1
1460,1
2302,1
14606,1
3278,1
28504,1
32779,1
28513,1
23072,1
14480,1
23223,1
23139,1
1420,1
14204,1
32904,1
32903,1
28412,1
23181,1
14218,1
14219,1
32814,1
23116,1
32822,1
28428,1
14228,1
14303,1
14456,1
32817,1
22560,1
1524,1
32503,1
31558,1
28906,1
31705,1
17520,1
17527,1
31639,1
31605,1
1754,1
31535,1
31768,1
17543,1
1757,1
31527,1
31525,1
31523,1
22152,1
17701,1
31730,1
31791,1
1778,1
32025,1
1720,1
22206,1
17257,1
32065,1
1730,1
2881,1
17361,1
17401,1
17517,1
31907,1
2888,1
31905,1
17404,1
2889,1
17512,1
31822,1
22151,1
29016,1
17109,1
18073,1
31305,1
31216,1
18055,1
31206,1
31201,1
18062,1
18071,1
1810,1
2910,1
2917,1
3109,1
31082,1
18103,1
22015,1
29170,1
18202,1
2916,1
31313,1
17837,1
29036,1
17866,1
31520,1
17870,1
31421,1
17931,1
18015,1
31410,1
2904,1
18049,1
29053,1
18040,1
27263,1
22124,1
2908,1
31324,1
31323,1
17111,1
17102,1
15401,1
1571,1
32327,1
2865,1
32309,1
22448,1
1570,1
22427,1
15701,1
15801,1
22485,1
15904,1
28666,1
32266,1
32258,1
15931,1
1602,1
1603,1
32343,1
1569,1
1604,1
15533,1
32502,1
1542,1
15474,1
32501,1
1550,1
15522,1
2864,1
22556,1
15672,1
1562,1
15628,1
32431,1
28645,1
22554,1
32404,1
15668,1
22406,1
1605,1
32086,1
32136,1
32164,1
2879,1
17009,1
17011,1
17013,1
22306,1
32137,1
1702,1
28789,1
32124,1
17023,1
32119,1
17033,1
32118,1
32110,1
32091,1
16866,1
32169,1
16051,1
16323,1
28711,1
1611,1
16127,1
16137,1
16226,1
32222,1
16319,1
16412,1
28786,1
16506,1
32216,1
32207,1
16508,1
32206,1
32204,1
16601,1
18041-2130,1
99553,1
37078,1
79015,1
7874,1
78744,1
78754,1
7885,1
78861,1
7901,1
79029,1
78735,1
79036,1
79039,1
79045,1
79088,1
79101,1
79110,1
78738,1
78734,1
7920,1
78611,1
78582,1
78586,1
78589,1
78599,1
78606,1
78610,1
78620,1
78710,1
78621,1
78624,1
78640,1
78645,1
7866,1
7871,1
79111,1
7921,1
78560,1
79915,1
79756,1
79772,1
7980,1
79855,1
79901,1
79905,1
79924,1
79707,1
79928,1
79935,1
80010,1
80015,1
80017,1
8002,1
7974,1
79605,1
7922,1
79410,1
79226,1
7927,1
7928,1
79329,1
79336,1
79347,1
79411,1
79563,1
79415,1
79416,1
79423,1
7950,1
79510,1
79553,1
7857,1
78552,1
80109,1
77868,1
77665,1
77705,1
77708,1
77807,1
77859,1
77864,1
77901,1
77611,1
78009,1
78013,1
78014,1
78046,1
78064,1
78076,1
77657,1
7760,1
78114,1
77520,1
77498,1
77502,1
77503,1
77504,1
77515,1
77517,1
77523,1
77571,1
77530,1
77531,1
77532,1
77539,1
77545,1
77560,1
78108,1
78133,1
78543,1
78370,1
7830,1
78336,1
78358,1
7836,1
78362,1
78368,1
7840,1
78261,1
78404,1
78414,1
7843,1
7849,1
78539,1
78542,1
7828,1
78260,1
78163,1
78224,1
78202,1
78204,1
78210,1
78213,1
78214,1
78215,1
78225,1
78259,1
78231,1
78232,1
78245,1
78256,1
78256-2590,1
78258,1
80030,1
80112,1
85142,1
84015,1
83638,1
83713,1
83714,1
83814-2951,1
83835,1
84003,1
84032,1
83605,1
84043,1
84057,1
84058,1
84062,1
84074,1
84075,1
83607,1
83406,1
84087,1
82604,1
82240,1
8225,1
82334,1
8242,1
8244,1
8251,1
82609,1
83404,1
82834,1
82930,1
83201,1
83246,1
83301,1
83401,1
84078,1
84093,1
8203,1
85035,1
84701,1
84720,1
84767,1
85015,1
85017,1
85029,1
85037,1
84651,1
85040,1
85043,1
85120,1
85128,1
85132,1
85138,1
84654,1
84648,1
84095,1
84120,1
84097,1
84101-2001,1
84101-2020,1
84108,1
84116,1
84116-3146,1
84123,1
84642,1
84124,1
84319,1
84321,1
84337,1
84501,1
84634,1
8221,1
8202,1
80113,1
80442,1
8031,1
8033,1
8036,1
80403,1
80422,1
80435-7821,1
80443,1
80302-5319,1
80465,1
8049,1
80504,1
80514,1
80530,1
80549,1
80304,1
8028,1
80550,1
80214,1
8012,1
80125,1
80129,1
80132,1
80206-3440,1
80207,1
80223,1
80260,1
80224,1
80233,1
80234,1
80236,1
80247,1
80249,1
8055,1
80602,1
82001,1
81230,1
8103,1
81050,1
81137,1
81144,1
81201,1
81221,1
81505,1
81004-3117,1
81520,1
81521,1
81601,1
81625,1
81632-6290,1
81656,1
81008,1
81003,1
8062,1
8075,1
80631,1
80642,1
8065,1
8069,1
8070,1
80701,1
8081,1
8096,1
80831,1
8088,1
80909,1
80917,1
80919,1
8093,1
77489,1
77484,1
77469,1
74014,1
73742,1
73750,1
73942,1
74006,1
74010,1
74011,1
74021,1
73701,1
74023,1
74033,1
7410,1
74104,1
74120,1
74128,1
73737,1
73601,1
74137,1
73130,1
73096,1
73105,1
73107,1
73108,1
73120,1
73127,1
73139,1
73573-9622,1
73147,1
73162,1
73170,1
73521,1
73557,1
73572,1
74136,1
74145,1
73078,1
75089,1
75028,1
75035,1
75040,1
75041,1
75043,1
7505,1
75115,1
75023,1
7512,1
7513,1
75134,1
75135,1
75137,1
75141,1
75025,1
74965,1
7430,1
74525,1
74301,1
7432,1
74436,1
74469,1
7450,1
7452,1
7457,1
74864,1
74631,1
74653,1
7470,1
74820,1
74851,1
74859,1
73089,1
73075,1
7746,1
7203,1
71742,1
71822,1
71909,1
71943,1
72015,1
72024,1
72034-4941,1
71654,1
7208,1
72106,1
72113,1
72131,1
72150,1
72173,1
71730,1
71653,1
72206,1
71282,1
71106,1
71111,1
71112,1
71118,1
7114,1
71280,1
71291,1
71639,1
71322,1
71351,1
71360,1
71483,1
71603,1
71635,1
72204,1
72212,1
7307,1
72949,1
72801,1
72830,1
72834,1
72908,1
72923,1
72944,1
73005,1
72758,1
73007,1
73013,1
73018-2460,1
73045,1
73054,1
7306,1
72762,1
72745,1
72223,1
72543,1
72227,1
72301,1
72396,1
72437,1
72501,1
72513,1
72560,1
72736,1
72616,1
72653,1
72703,1
72719,1
72727,1
72730,1
75142,1
75147,1
75148,1
77010,1
76825,1
76849-3103,1
76902,1
76904,1
76950,1
77005,1
77012,1
76712,1
77014,1
77015,1
77016,1
77017,1
77019,1
77020,1
7675,1
76708,1
77030,1
76574,1
76537,1
76542,1
76544,1
76548,1
76549,1
7656,1
7661,1
76705,1
7662,1
76643,1
76645,1
7666,1
76692,1
76701,1
77022,1
77033,1
75159,1
77373,1
77327,1
77340,1
77351,1
77356,1
77360,1
77371,1
77377,1
77316,1
77381,1
77385,1
77386,1
77433,1
77445,1
77449,1
77320,1
7731,1
77035,1
77074,1
77038,1
77039,1
77044,1
77051,1
77057-1501,1
77067,1
77078,1
77303,1
77086,1
77093,1
7716,1
7720,1
77204,1
7724,1
76528,1
76504,1
7650,1
75951-2416,1
75638,1
75652,1
75654,1
75791,1
75904,1
75949,1
75964,1
75603,1
76006,1
76009,1
7601,1
76013,1
76035,1
76049,1
75604,1
75602,1
765,1
75238,1
75180,1
75189,1
75203,1
75210,1
75223,1
75233,1
75244,1
75570,1
75401,1
75402,1
75455,1
75474,1
75559,1
75569,1
76054,1
76067,1
7607,1
76308-5007,1
76252,1
76258,1
7626,1
76273,1
76302,1
76306,1
76310,1
76078,1
7642,1
76442,1
76446,1
76448,1
7645,1
76450,1
76244,1
76240,1
76210,1
76180,1
76164-7143,1
76134,1
76132-1405,1
76126,1
76120,1
76117,1
76114,1
76112,1
76111,1
76110,1
76106,1
76103,1
76084,1
85139,1
85143,1
37080,1
95065,1
94930,1
94945,1
94970,1
95002,1
95018,1
95021,1
95066,1
94923,1
95070-3660,1
95116,1
95117,1
95120,1
95132,1
95133,1
94928,1
94920,1
95136,1
94602,1
94555,1
94556,1
94566,1
94580,1
94589,1
94597,1
94603,1
94801,1
94605,1
94606,1
94610,1
94620,1
94703,1
94706,1
95134,1
95138,1
94531,1
95605,1
95453,1
95460,1
95473,1
95490,1
95501,1
95540,1
95618,1
95437,1
95642,1
95654,1
95662,1
95678-1935,1
95691,1
95692,1
95452,1
95382,1
95206,1
95252,1
95209,1
95210,1
95212,1
95215,1
95222,1
95231,1
95301,1
95377,1
95322,1
95334,1
95357,1
95361,1
95367,1
95368,1
94534,1
94521,1
95747,1
94110-4233,1
94110-3033,1
94110-3103,1
94110-3416,1
94110-3519,1
94110-3718,1
94110-4213,1
94110-4504,1
94110-2832,1
94110-5006,1
94110-5614,1
94111-3005,1
94111-4106,1
94111-4209,1
94111-4231,1
94110-3018,1
94110-2720,1
94112-3403,1
94107-3109,1
94107-1423,1
94107-1901,1
94107-1903,1
94107-1905,1
94107-2411,1
94107-2815,1
94107-3110,1
94110-2119,1
94108-3608,1
94109-6934,1
94110-1114,1
94110-1218,1
94110-1735,1
94110-1812,1
94112-1926,1
94112-3413,1
94517,1
94129,1
94123-2607,1
94123-2712,1
94124-1147,1
94124-1412,1
94127-1306,1
94128,1
94131-3005,1
94122-2307,1
94132-1918,1
94133-1810,1
94133-2814,1
94133-3306,1
94304,1
94505,1
94122-2402,1
94121-2305,1
94112-3738,1
94115-3012,1
94114-1311,1
94114-1588,1
94114-2408,1
94114-3614,1
94114-3703,1
94114-3716,1
94117-2275,1
94121-2006,1
94117-2807,1
94117-2911,1
94117-3253,1
94117-3316,1
94118-3323,1
94118-3938,1
95726,1
95757,1
85194,1
98279,1
98229,1
98233,1
98248,1
98257,1
98258,1
98260,1
98284,1
98223,1
98290,1
98292,1
98294,1
98296,1
98311,1
98312,1
98226,1
98204,1
98335,1
98065,1
98019,1
98022,1
98023,1
98034,1
98047,1
98058,1
98070,1
98198,1
98074,1
98075,1
98106,1
98119,1
98125,1
98134,1
98327,1
98346,1
98011,1
99202,1
98801,1
98802,1
98826,1
98841,1
98922,1
98944,1
99203,1
98672,1
99205,1
99223,1
99224,1
99353,1
99403,1
99503,1
98685,1
98660,1
98367,1
98506,1
98370,1
98375,1
98382,1
98383,1
98405,1
98466,1
98520,1
98607,1
98531,1
98577,1
98584,1
98592,1
98595,1
98605,1
98012,1
98007,1
95815-5001,1
97004,1
96789,1
96792,1
96793,1
96813,1
96816,1
96825,1
97015,1
96768,1
97027,1
97028,1
97031,1
97034,1
97038,1
97055,1
96779,1
96766,1
97086,1
96706,1
95828,1
95901,1
96001-0626,1
96003,1
96145,1
96146,1
96707,1
96744,1
96708,1
96720,1
96722,1
96732,1
96738,1
96740-3154,1
97055-8036,1
97110,1
98006,1
97601,1
97471,1
97496,1
97503,1
97524,1
97527,1
97530,1
97603,1
97408,1
97739,1
97759,1
97801,1
97838,1
97914-2703,1
98001,1
97448,1
97405,1
97113,1
97225,1
97123,1
97135,1
97138,1
97219,1
97220,1
97221,1
97227,1
97386,1
97230,1
97302,1
97304,1
97322,1
97362,1
97367,1
94103-5168,1
94103-5144,1
94103-5016,1
89122,1
8879,1
8889,1
89011,1
89084,1
89106,1
89107,1
89134,1
8863,1
89146,1
89148,1
89156,1
89178,1
89301,1
89403,1
8872,1
8861,1
89411,1
88220-5557,1
8812,1
88130,1
8816,1
8817,1
8820,1
88203,1
88260,1
8844,1
8829,1
8831,1
8833,1
88340,1
88346,1
8840,1
89408,1
89415,1
88021,1
90024-2806,1
90011-1233,1
90014-2207,1
90017-1833,1
90017-2801,1
90017-3254,1
90019-3837,1
90028-6117,1
90006-6500,1
90028-6201,1
90028-6303,1
90029-2332,1
90031-1936,1
90031-2202,1
90033-3412,1
90007-2475,1
90006-5240,1
89423,1
89519,1
89432,1
89434,1
89451,1
89460,1
89511,1
89512,1
89595,1
90006-1611,1
89883,1
90001,1
90002,1
90002-3320,1
90003-4337,1
90004-1310,1
88061,1
88012,1
94103-3628,1
85365,1
85338,1
8534,1
85346,1
85353,1
8536,1
85363,1
85378,1
85307,1
85390,1
85395,1
8540,1
8554,1
85602,1
85619,1
85337,1
85306,1
85658,1
85256,1
85203,1
85207,1
85212,1
85213,1
8525,1
85254-2176,1
85259,1
85305,1
85263,1
85264,1
85284,1
85297,1
8530,1
85302,1
85629,1
85712,1
88005,1
8724,1
87002,1
87004-5940,1
87015,1
87035,1
87068,1
87122,1
8736,1
86440,1
8739,1
8750,1
87506,1
87701,1
87710,1
87740,1
8648,1
86409,1
85730,1
85939,1
85735,1
85746,1
85757,1
85929,1
85935,1
85938,1
86023,1
86323,1
86033,1
86046,1
86047,1
8611,1
8619,1
86312,1
90034-4736,1
90035-2302,1
90035-3302,1
93424,1
93245,1
93261,1
93280,1
93305,1
93313,1
93314-8761,1
93433,1
93210,1
93454-6668,1
93454-8010,1
93455,1
93458,1
93463,1
93491,1
93223,1
93206,1
93536,1
92697,1
92660-6950,1
92662,1
92673-6219,1
92679,1
92690,1
92692-3721,1
92833,1
93202,1
92841,1
92844,1
92845,1
92861,1
93033,1
93110,1
93534,1
93545,1
90042-4117,1
94103-1516,1
94085,1
94102-4380,1
94102-4487,1
94102-4801,1
94102-6089,1
94103-1402,1
94103-1605,1
94038,1
94103-1923,1
94103-2712,1
94103-3006,1
94103-3183,1
94103-3420,1
94103-3421,1
94080-3731,1
94028,1
93561,1
93704,1
93610,1
93611,1
93619,1
93631,1
93638,1
93701,1
93706,1
94002,1
93710-7729,1
93725,1
93730,1
93924,1
93926,1
93953,1
92657-2138,1
92655,1
92640,1
91214,1
90755,1
90814,1
91042,1
91103-2954,1
91108,1
91206,1
91214-2630,1
90710,1
91330,1
91350,1
91352,1
91354,1
91387,1
91502-1606,1
90715,1
90704,1
92620,1
90204,1
90046-7208,1
90047,1
90056,1
90062,1
90063-2807,1
90201-3527,1
90241-2741,1
90660-3720,1
90270-3120,1
90303,1
90404,1
90502,1
90604,1
90640-2307,1
91505-1060,1
91505-4412,1
91607-1504,1
92359,1
92227,1
92276,1
92317,1
92320,1
92325,1
92344,1
92377,1
91731-1764,1
92397,1
92504,1
92508-9165,1
92543,1
92603,1
92618-2925,1
92225,1
92220,1
92182,1
92116,1
92091,1
92082,1
92067,1
92055,1
92037-4839,1
91962,1
91944,1
91942-3066,1
91935,1
91801-3512,1
91784,1
91770-4338,1
91745,1
71105,1
71103,1
7110,1
47951,1
47712,1
47901,1
47906,1
47909,1
47932,1
47933,1
47960,1
47710,1
48001,1
48015,1
48017,1
48026,1
48030,1
48040,1
47711,1
47601,1
48043-1913,1
47119,1
46815,1
46901,1
46902,1
46952,1
46975,1
46996,1
47122,1
47532,1
47172,1
47327,1
47348,1
47362,1
47385,1
47405,1
48042,1
48044,1
46809,1
48197,1
48161,1
48169,1
48178,1
48182,1
48185,1
48193,1
48203,1
48146,1
48209,1
48211,1
48213,1
48215,1
48216,1
48219,1
48154,1
48144,1
48051,1
48089,1
48062,1
48065,1
48072,1
48076,1
48080,1
48084,1
48091,1
48134,1
48093,1
48095,1
48097,1
48108,1
48118,1
48122,1
46814,1
46802,1
48225,1
45810,1
45640,1
45669,1
45690,1
45750,1
4578,1
45805,1
45817,1
45614,1
45865,1
45879,1
45891,1
46013,1
46016,1
46052,1
45638,1
45505,1
46075,1
45403,1
45315,1
45342,1
45345,1
45365,1
45373,1
45377,1
45414,1
45504,1
45424,1
45426,1
45429,1
45431,1
45449,1
45502,1
46074,1
46077,1
46767,1
46544,1
46312,1
46327,1
46408,1
46506,1
46516,1
4654,1
46556,1
46303,1
46601,1
46619,1
46635,1
46706,1
46737,1
46750,1
46304,1
46260,1
46077-8025,1
46176,1
46107,1
46120,1
46122,1
46143,1
46158,1
46173,1
46181,1
46236,1
46184,1
46218,1
46225,1
46226,1
46227,1
46231,1
48224,1
48228,1
71082,1
50701,1
50314,1
50317,1
50320,1
50401,1
50428,1
50659,1
50703,1
50312,1
50707,1
51054,1
51103,1
51109,1
51201,1
51301,1
50313,1
50311,1
51355,1
50014,1
49720,1
49721,1
49749,1
49781,1
49783,1
50009,1
50021-5425,1
50310,1
50023,1
50126,1
50208,1
50220,1
50250,1
50251,1
51331,1
5148,1
49707,1
53038,1
52803,1
5301,1
53012,1
53020,1
53024,1
53037,1
53074,1
52753,1
53080,1
53085,1
53092,1
53094,1
53095,1
53103,1
52773,1
52748,1
51501,1
52101,1
51577,1
51632,1
52003,1
5201,1
52040,1
52057,1
52233,1
52742,1
52310,1
52340,1
52353,1
5255,1
52577,1
52627,1
49713,1
49654,1
48234,1
48602,1
48473,1
48503,1
48504,1
48509,1
48519,1
48601,1
4861,1
48458,1
48640,1
48706,1
48708,1
48809,1
48813,1
48837,1
48471,1
48455,1
48842,1
48320,1
48238,1
48302,1
48306,1
48312,1
48314,1
48315,1
48336,1
48442,1
48377,1
48381,1
48383,1
48386,1
48415,1
48430,1
48840,1
48850,1
49653,1
49444,1
4938,1
49401,1
49419,1
49420,1
49426,1
49431,1
49448,1
49307,1
49456,1
49544,1
49613,1
49619,1
49629,1
49651,1
49315,1
49286,1
48855,1
49022,1
48872,1
48912,1
48917,1
49006,1
49008,1
49014,1
49024,1
49242,1
49058,1
49068,1
49099,1
49117,1
49228,1
49234,1
45309,1
4530,1
45255,1
3907,1
3878,1
38827,1
38841,1
38860,1
39051,1
39056,1
39073,1
38632,1
39083,1
3910,1
39110,1
39117,1
39201,1
39204,1
38664,1
3862,1
39211,1
3840,1
38261,1
38301,1
38343,1
38344,1
38355,1
38372,1
38449,1
3860,1
3846,1
38483,1
38485,1
38506,1
38555,1
38571,1
39209,1
39345,1
3818,1
4039,1
40222,1
40242,1
40291,1
40299,1
4032,1
40324,1
40503,1
40216,1
40504,1
40507-1303,1
40508,1
40516,1
40517,1
4083,1
40217,1
40213,1
39422,1
39842,1
39470,1
39577,1
39667,1
39669,1
39773,1
39819,1
40004,1
40211,1
40047,1
40059,1
40065,1
4011,1
40150,1
40209,1
38242,1
38138,1
45249,1
37398,1
37343,1
37353,1
37355,1
37356,1
37361,1
37388,1
37404,1
37307,1
37405-3253,1
37411,1
37412,1
37415,1
37416,1
37419,1
37321,1
37289,1
37615,1
37185,1
37082,1
37087,1
37091,1
37115,1
37166,1
37174,1
37204,1
37219,1
37206,1
37208,1
37209,1
37211,1
37212,1
37215,1
37601,1
37643,1
38134,1
38059,1
37885,1
37887,1
37916,1
37932,1
38019,1
38053,1
38060,1
37841,1
38079,1
38109,1
38111,1
38116,1
38117,1
38128,1
37854,1
37830,1
37659,1
37769,1
37663,1
37716-4127,1
37725,1
37760,1
37763,1
37764,1
37771,1
37821,1
37772,1
37774,1
37777,1
37801,1
37813,1
37814,1
4090,1
40962,1
41005,1
44143,1
44118,1
44123,1
44125,1
44137,1
44138,1
44139,1
44144,1
44110,1
4416,1
44202,1
44212,1
44221,1
44223,1
44241,1
44114,1
44095,1
44278,1
44030,1
43950,1
43964,1
44004,1
44010,1
44011,1
44016,1
44041,1
44094,1
44044,1
44052,1
44077,1
44087-2178,1
44090,1
44092,1
44255,1
44281,1
41015,1
45215,1
44870,1
45067,1
45122,1
45157,1
45205,1
45211,1
45217,1
44846,1
45219,1
45220,1
45223,1
45242,1
45246,1
45247,1
44857,1
44820,1
44304,1
44514,1
44310,1
44312,1
44320,1
44432,1
44509,1
44511,1
44601,1
44721,1
44632,1
44644,1
44646,1
44680,1
44710,1
44718,1
43920,1
43906,1
43812,1
4240,1
42141,1
42211,1
42261,1
42303,1
42330,1
42367,1
42450,1
42071,1
4260,1
42633,1
42642,1
42653,1
42724,1
43015,1
42101,1
42066,1
43725,1
4106,1
41015-2226,1
41018,1
4103,1
41035,1
41048,1
41051,1
41073,1
42029,1
41076,1
4108,1
41083,1
41094,1
41501,1
41649,1
43016,1
43025,1
43040,1
43551-9137,1
43240-2042,1
43351,1
43410,1
43465,1
43469,1
43502,1
43560,1
43056,1
43566,1
43609,1
43612,1
43614,1
43615,1
43616,1
43235,1
43224,1
43219-6070,1
43214,1
43210,1
43203,1
43202,1
43147,1
43130,1
43128,1
43125,1
43110,1
43085,1
43082,1
43078,1
43074,1
43062,1
53122,1
53130,1
53132,1
65262,1
65079,1
6512,1
6515,1
6516,1
6517,1
65233,1
65265,1
65037,1
65270,1
65301,1
65340,1
65355,1
65483,1
65542,1
65043,1
6488,1
65583,1
64482,1
64155,1
64157,1
6416,1
6417,1
6422,1
6442,1
64485,1
6482,1
64501,1
646,1
64701,1
6473,1
6477,1
64804,1
65559,1
65625,1
64145,1
6615,1
66083,1
66086,1
66101,1
66103,1
66105,1
66112,1
66203,1
66062-9131,1
66204,1
66209,1
66212,1
66217,1
66219,1
66441,1
66067,1
66061,1
65653,1
65757,1
65672,1
65706,1
65708,1
65714,1
65742,1
65746,1
65781,1
6606,1
65793,1
66012,1
66018,1
66025,1
66030,1
66047,1
64154,1
64134,1
62839,1
63114,1
63090,1
63102,1
63103,1
63110,1
63111,1
63112,1
63122-6426,1
63051,1
63126,1
63128,1
63135,1
63144,1
63145,1
63303,1
63069,1
63050,1
63363,1
63017,1
62864,1
62896,1
62903,1
62920,1
62948,1
63011,1
63019,1
63049,1
63020,1
63026-4169,1
63031,1
63040,1
63042,1
63043,1
6333,1
63367,1
6413,1
64082,1
64054,1
64067,1
64068,1
64070,1
64075,1
64078,1
64085,1
64020,1
64086,1
64106,1
64113,1
64120,1
64124,1
64129,1
64030,1
64014,1
63385,1
63664,1
6351,1
6355,1
63552,1
6357,1
63628,1
63663,1
63703,1
63851,1
6371,1
6374,1
6378,1
63834,1
63841,1
6385,1
6650,1
66508,1
66547,1
7043,1
70392,1
70394,1
7040,1
7041,1
70422,1
70427,1
70435,1
7035,1
70448,1
70454,1
70461,1
7047,1
70471,1
70501,1
7039,1
70345,1
70510,1
70094,1
70005,1
70056,1
70058,1
70065,1
70072,1
70080,1
70116,1
7034,1
70119,1
70124,1
70128,1
7022,1
7029,1
7033,1
70503,1
7052,1
66608,1
70818,1
70807,1
70808,1
7081,1
70811,1
70814,1
70817,1
70820,1
70785,1
7087,1
7088,1
7095,1
7102,1
71040,1
7105,1
70805,1
70778,1
70520,1
70663,1
70538,1
7054,1
70544,1
70607,1
70634,1
7065,1
70668,1
70767,1
7070,1
7072,1
70738,1
7074,1
7076,1
70764,1
70003,1
70002,1
69341,1
67420,1
67211,1
67216,1
67226,1
67301,1
67335,1
67410,1
67431,1
67206,1
67456,1
67460,1
67505,1
67554,1
6762,1
6776,1
67209,1
67205,1
69337,1
66901,1
66609,1
66614,1
66615,1
66757,1
66839,1
66856,1
6702,1
67203,1
67060,1
67063,1
67110,1
67114-1805,1
67133,1
67152,1
67801,1
6790,1
67951,1
68510,1
68310,1
68370,1
6840,1
68434,1
6850,1
68502,1
68512,1
6798,1
6854,1
6855,1
68801,1
68901,1
69153,1
69162,1
6831,1
68147,1
68131,1
68130,1
68118,1
68116,1
68114-2321,1
68112,1
6811,1
68108,1
68105,1
68104,1
6807,1
68046,1
6804,1
68008,1
68005,1
62844,1
62837,1
53144,1
55422,1
55371,1
55376,1
55406,1
55418,1
55420,1
55421,1
55428,1
55356,1
55431,1
55432,1
55434,1
55437,1
55438,1
55446,1
55369,1
55352,1
55604,1
55303,1
55103,1
55107,1
55108,1
55111,1
55112,1
55122,1
55308,1
55345,1
55311,1
55313,1
55317,1
55318-3601,1
55330,1
55340,1
55454,1
55720,1
55076,1
57401,1
56501,1
57006,1
5701,1
57103,1
57108,1
57201,1
57469,1
56450,1
57702,1
57703,1
58104,1
58501,1
5855,1
58701,1
56482,1
56431,1
55744,1
56256,1
55811,1
55906,1
56013,1
56082,1
56101,1
56187,1
56283,1
56425,1
56304,1
56310,1
56345,1
56347,1
56401,1
5641,1
55082,1
55068,1
62806,1
53718,1
53549,1
53551,1
53563,1
53589,1
53597,1
53598,1
53719,1
53536,1
53818,1
53821,1
53913,1
53916,1
53940,1
53955,1
53538,1
53534,1
54016,1
53222,1
53150,1
53158,1
53189,1
53190,1
53203,1
53213,1
53223,1
53527,1
53228,1
53233,1
53235,1
53403,1
53405,1
53523,1
53963,1
54021,1
55056,1
54983,1
54913,1
54923,1
54941,1
5495,1
54963,1
54982,1
55016,1
54729,1
55021,1
55025,1
55037,1
55042,1
55044,1
55051,1
54904,1
54703,1
54110,1
54311,1
54114,1
54136,1
54154,1
54155,1
54165,1
54220,1
54313,1
54636,1
54403,1
54467,1
54481,1
54495,1
54603,1
54612,1
58801,1
59047,1
59725,1
61443,1
61244,1
61250,1
61264,1
61278,1
61285,1
61370,1
61455,1
6117,1
61488,1
61523,1
61530,1
61601,1
61611,1
61615,1
6120,1
61115,1
61704,1
61032,1
6088,1
60901,1
60921,1
60950,1
60970,1
61010,1
61065,1
61104,1
6107,1
61071,1
61073,1
61080,1
61081,1
61085,1
61615-2032,1
61738,1
59802-4429,1
62523,1
62354,1
62363,1
62420,1
62420-1453,1
62450,1
62521,1
62526,1
6234,1
62535,1
6259,1
62629,1
62644,1
62650,1
62701,1
62341,1
62265,1
61821,1
61953,1
61832,1
61842,1
61846,1
61853,1
61866,1
61874,1
62010,1
62263,1
62034,1
62056,1
62095,1
62220,1
62234,1
62236,1
60827,1
60714,1
6070,1
60171,1
60120,1
60140,1
60151,1
60152,1
60153,1
60164,1
60173,1
60118,1
60175,1
60176,1
6018,1
60185,1
60191,1
60194,1
60119,1
60115,1
6066,1
60051,1
59922,1
60002,1
60008,1
60010,1
60022,1
60045,1
60056-1226,1
60098,1
60073,1
60076,1
60087,1
60088,1
60089,1
60093,1
60202,1
6033,1
60415,1
60559,1
60534,1
60538,1
60543-8974,1
60545,1
60554,1
60555,1
60561,1
60419,1
60564,1
60586,1
60628,1
60637,1
60643,1
60653,1
60523,1
60517,1
60513,1
60502,1
60491,1
60490,1
60480,1
60477,1
60463,1
99518,1
60443,1
60441,1
60438,1
60433,1
60432,1
60431,1
60428,1
01824-3076,1
